Ticker,Date,Close/Last,Volume,Open,High,Low
MSFT,11/21/25,472.12,31769250,478.5,478.92,468.27
MSFT,11/20/25,478.43,26802540,492.71,493.57,475.5
MSFT,11/19/25,487.12,23245310,490.1,495.19,482.83
MSFT,11/18/25,493.79,33815110,495.37,502.98,486.78
MSFT,11/17/25,507.49,19092750,508.45,512.12,504.91
MSFT,11/14/25,510.18,28505750,498.23,511.6,497.44
MSFT,11/13/25,503.29,25273110,510.31,513.5,501.29
MSFT,11/12/25,511.14,26574850,509.36,511.67,499.12
MSFT,11/11/25,508.68,17980020,504.8,509.6,502.35
MSFT,11/10/25,506,26101480,500.04,506.85,498.8
MSFT,11/7/25,496.82,24019760,496.95,499.38,493.25
MSFT,11/6/25,497.1,27406500,505.66,505.7,495.81
MSFT,11/5/25,507.16,23024340,513.3,514.83,506.58
MSFT,11/4/25,514.33,20958660,511.76,515.55,507.84
MSFT,11/3/25,517.03,22374740,519.81,524.96,514.59
MSFT,10/31/25,517.81,34006420,528.88,529.32,515.1
MSFT,10/30/25,525.76,41023090,530.48,534.97,522.12
MSFT,10/29/25,541.55,36023000,544.94,546.27,536.73
MSFT,10/28/25,542.07,29986680,550,553.72,540.77
MSFT,10/27/25,531.52,18734720,531.78,534.58,529.01
MSFT,10/24/25,523.61,15532360,522.79,525.35,520.71
MSFT,10/23/25,520.56,14023530,522.46,523.95,518.61
MSFT,10/22/25,520.54,18962690,521.15,525.23,517.71
MSFT,10/21/25,517.66,15586200,517.5,518.69,513.04
MSFT,10/20/25,516.79,14665620,514.61,518.7,513.43
MSFT,10/17/25,513.58,19867770,509.04,515.48,507.31
MSFT,10/16/25,511.61,15559570,512.58,516.85,508.13
MSFT,10/15/25,513.43,14694650,514.96,517.19,510
MSFT,10/14/25,513.57,14684300,510.23,515.28,506
MSFT,10/13/25,514.05,14284240,516.41,516.41,511.68
MSFT,10/10/25,510.96,24133840,519.64,523.58,509.63
MSFT,10/9/25,522.4,18343600,522.34,524.33,517.4
MSFT,10/8/25,524.85,13363450,523.28,526.95,523.09
MSFT,10/7/25,523.98,14615210,528.29,529.8,521.44
MSFT,10/6/25,528.57,21388580,518.61,531.03,518.2
MSFT,10/3/25,517.35,15112320,517.1,520.49,515
MSFT,10/2/25,515.74,21222890,517.64,521.6,510.68
MSFT,10/1/25,519.71,22632340,514.8,520.51,511.69
MSFT,9/30/25,517.95,19728230,513.24,518.16,509.66
MSFT,9/29/25,514.6,17617780,511.5,516.85,508.88
MSFT,9/26/25,511.46,16213130,510.06,513.94,506.62
MSFT,9/25/25,507.03,15786470,508.3,510.01,505.04
MSFT,9/24/25,510.15,13533710,510.38,512.48,506.92
MSFT,9/23/25,509.23,19799580,513.8,514.59,507.31
MSFT,9/22/25,514.45,20009310,515.59,517.74,512.55
MSFT,9/19/25,517.93,52474090,510.56,519.3,510.31
MSFT,9/18/25,508.45,18913700,511.49,513.07,507.66
MSFT,9/17/25,510.02,15816590,510.62,511.29,505.93
MSFT,9/16/25,509.04,19711920,516.88,517.23,508.6
MSFT,9/15/25,515.36,17143790,508.79,515.47,507
MSFT,9/12/25,509.9,23624880,506.65,512.55,503.85
MSFT,9/11/25,501.01,18881610,502.25,503.17,497.88
MSFT,9/10/25,500.37,21611820,502.98,503.23,496.72
MSFT,9/9/25,498.41,14410540,501.43,502.25,497.7
MSFT,9/8/25,498.2,16771020,498.11,501.2,495.03
MSFT,9/5/25,495,31994850,509.07,511.97,492.37
MSFT,9/4/25,507.97,15509490,504.3,508.15,503.15
MSFT,9/3/25,505.35,16345080,503.79,507.79,502.32
MSFT,9/2/25,505.12,18128000,500.47,506,496.81
MSFT,8/29/25,506.69,20961570,508.66,509.6,504.49
MSFT,8/28/25,509.64,18015590,507.09,511.09,505.5
MSFT,8/27/25,506.74,17277890,502,507.29,499.9
MSFT,8/26/25,502.04,30835710,504.36,504.98,498.51
MSFT,8/25/25,504.26,21638580,506.63,508.19,504.12
MSFT,8/22/25,507.23,24324160,504.25,510.73,502.41
MSFT,8/21/25,504.24,18443250,503.69,507.63,502.72
MSFT,8/20/25,505.72,27723030,509.87,511,504.44
MSFT,8/19/25,509.77,21481020,515,515.16,508.55
MSFT,8/18/25,517.1,23760580,521.59,522.82,514.02
MSFT,8/15/25,520.17,25213270,522.77,526.1,519.08
MSFT,8/14/25,522.48,20269070,522.56,525.95,520.14
MSFT,8/13/25,520.58,19619160,532.11,532.7,519.37
MSFT,8/12/25,529.24,18688920,523.75,530.98,522.7
MSFT,8/11/25,521.77,20194370,522.3,527.59,519.72
MSFT,8/8/25,522.04,15531010,522.6,524.66,519.41
MSFT,8/7/25,520.84,16079140,526.8,528.09,517.55
MSFT,8/6/25,524.94,21355700,530.9,531.7,524.03
MSFT,8/5/25,527.75,19171570,537.18,537.3,527.24
MSFT,8/4/25,535.64,25349000,528.27,538.25,528.13
MSFT,8/1/25,524.11,28977630,535,535.8,520.86
MSFT,7/31/25,533.5,51617330,555.23,555.45,531.9
MSFT,7/30/25,513.24,26380430,515.17,515.95,509.44
MSFT,7/29/25,512.57,16469240,515.53,517.62,511.56
MSFT,7/28/25,512.5,14308030,514.08,515,510.12
MSFT,7/25/25,513.71,19125700,512.47,518.29,510.36
MSFT,7/24/25,510.88,16107000,508.77,513.67,507.3
MSFT,7/23/25,505.87,16396590,506.75,506.79,500.7
MSFT,7/22/25,505.27,13868640,510.97,511.2,505.27
MSFT,7/21/25,510.06,14066810,506.71,512.09,505.55
MSFT,7/18/25,510.05,21209670,514.48,514.64,507.43
MSFT,7/17/25,511.7,17503130,505.68,513.37,505.62
MSFT,7/16/25,505.62,15154370,505.18,506.72,501.89
MSFT,7/15/25,505.82,14927200,503.02,508.3,502.79
MSFT,7/14/25,503.02,12058850,501.52,503.97,501.03
MSFT,7/11/25,503.32,16459510,498.47,505.03,497.8
MSFT,7/10/25,501.48,16498740,503.05,504.44,497.75
MSFT,7/9/25,503.51,18659540,500.3,506.78,499.74
MSFT,7/8/25,496.62,11846590,497.24,498.2,494.11
MSFT,7/7/25,497.72,13981610,497.38,498.75,495.23
MSFT,7/3/25,498.84,13984830,493.81,500.13,493.44
MSFT,7/2/25,491.09,16319640,489.99,493.5,488.7
MSFT,7/1/25,492.05,19945380,496.47,498.05,490.98
MSFT,6/30/25,497.41,28368990,497.04,500.76,495.33
MSFT,6/27/25,495.94,34539240,497.55,499.3,493.03
MSFT,6/26/25,497.45,21578850,492.98,498.04,492.81
MSFT,6/25/25,492.27,17495100,492.04,494.56,489.39
MSFT,6/24/25,490.11,22305640,488.95,491.85,486.8
MSFT,6/23/25,486,24863950,478.21,487.75,472.51
MSFT,6/20/25,477.4,37576210,482.23,483.46,476.87
MSFT,6/18/25,480.24,17526450,478,481,474.46
MSFT,6/17/25,478.04,15414130,475.4,478.74,474.08
MSFT,6/16/25,479.14,15626100,475.21,480.69,475
MSFT,6/13/25,474.96,16814460,476.41,479.18,472.76
MSFT,6/12/25,478.87,18950580,475.02,480.42,473.52
MSFT,6/11/25,472.62,16399180,470.02,475.47,469.66
MSFT,6/10/25,470.92,15375940,471.19,472.8,466.96
MSFT,6/9/25,472.75,16469930,469.7,473.43,468.62
MSFT,6/6/25,470.38,15285620,470.09,473.34,468.78
MSFT,6/5/25,467.68,20154460,464.96,469.65,464.03
MSFT,6/4/25,463.87,14162690,464,465.69,463.02
MSFT,6/3/25,462.97,15743760,461.47,464.14,460.86
MSFT,6/2/25,461.97,16626500,457.14,462.11,456.89
MSFT,5/30/25,460.36,34770480,459.72,461.68,455.54
MSFT,5/29/25,458.68,13982210,461.55,461.72,455.31
MSFT,5/28/25,457.36,17086260,461.22,462.52,456.93
MSFT,5/27/25,460.69,20974290,456.48,460.95,456.12
MSFT,5/23/25,450.18,16883510,449.98,453.69,448.91
MSFT,5/22/25,454.86,18025610,454.95,460.25,453.9
MSFT,5/21/25,452.57,19216910,454.57,457.78,451.81
MSFT,5/20/25,458.17,15441810,455.59,458.34,454.32
MSFT,5/19/25,458.87,21336510,450.88,459.59,450.8
MSFT,5/16/25,454.27,23849780,452.05,454.36,448.73
MSFT,5/15/25,453.13,21992320,450.77,456.19,450.43
MSFT,5/14/25,452.94,19902800,448.14,453.9,448.14
MSFT,5/13/25,449.14,23618820,447.78,450.67,445.36
MSFT,5/12/25,449.26,22821940,445.94,449.37,439.78
MSFT,5/9/25,438.73,15324230,440,440.74,435.88
MSFT,5/8/25,438.17,23491330,437.93,443.67,435.66
MSFT,5/7/25,433.35,23307240,433.84,438.12,431.11
MSFT,5/6/25,433.31,15104200,432.2,437.73,431.17
MSFT,5/5/25,436.17,20136050,432.87,439.5,432.11
MSFT,5/2/25,435.28,30757430,431.74,439.44,429.99
MSFT,5/1/25,425.4,58938100,431.11,436.99,424.9
MSFT,4/30/25,395.26,36461080,390.3,396.66,384.44
MSFT,4/29/25,394.04,14973980,391.3,395.1,390.38
MSFT,4/28/25,391.16,16579430,391.96,392.74,386.64
MSFT,4/25/25,391.85,18973170,387,392.16,384.6
MSFT,4/24/25,387.3,22232290,375.7,388.45,375.19
MSFT,4/23/25,374.39,20545530,376.06,380.39,373.02
MSFT,4/22/25,366.82,19484990,363.38,367.77,359.86
MSFT,4/21/25,359.12,20807280,362.82,364.48,355.67
MSFT,4/17/25,367.78,21120190,373.75,374.32,366.89
MSFT,4/16/25,371.61,21967830,380.67,381.61,368
MSFT,4/15/25,385.73,17199890,388.51,391.89,384.16
MSFT,4/14/25,387.81,19251170,393.22,394.65,384.21
MSFT,4/11/25,388.45,23839220,380.64,390.05,378.89
MSFT,4/10/25,381.35,38024370,382.06,383.9,367.8
MSFT,4/9/25,390.49,50199700,353.54,393.23,353.1
MSFT,4/8/25,354.56,35868920,368.26,373.65,350.25
MSFT,4/7/25,357.86,50425000,350.88,371,344.79
MSFT,4/4/25,359.84,49209850,364.13,374.59,359.48
MSFT,4/3/25,373.11,30198000,374.79,377.48,369.35
MSFT,4/2/25,382.14,16092560,377.97,385.08,376.62
MSFT,4/1/25,382.19,19689500,374.65,382.85,373.23
MSFT,3/31/25,375.39,35184680,372.54,377.07,367.24
MSFT,3/28/25,378.8,21632020,388.08,389.13,376.93
MSFT,3/27/25,390.58,13766760,390.13,392.24,387.4
MSFT,3/26/25,389.97,16132910,395,395.31,388.57
MSFT,3/25/25,395.16,15774970,393.92,396.36,392.64
MSFT,3/24/25,393.08,21004550,395.4,395.4,389.81
MSFT,3/21/25,391.26,39675930,383.22,391.74,382.8
MSFT,3/20/25,386.84,18470540,385.74,391.79,383.28
MSFT,3/19/25,387.82,19185530,385.53,389.68,384
MSFT,3/18/25,383.52,19486850,387.07,387.37,381.1
MSFT,3/17/25,388.7,22474270,386.7,392.71,385.57
MSFT,3/14/25,388.56,19952850,379.78,390.23,379.51
MSFT,3/13/25,378.77,20473020,383.16,385.32,377.45
MSFT,3/12/25,383.27,24253570,382.95,385.22,378.95
MSFT,3/11/25,380.45,30380180,379,386,376.91
MSFT,3/10/25,380.16,32840130,385.84,386.4,377.22
MSFT,3/7/25,393.31,22034090,392.32,394.8,385.54
MSFT,3/6/25,396.89,23304630,394.28,402.15,392.68
MSFT,3/5/25,401.02,23433130,389.34,401.67,388.81
MSFT,3/4/25,388.61,29342920,383.4,392.58,381
MSFT,3/3/25,388.49,23007730,398.82,398.82,386.16
MSFT,2/28/25,396.99,32845660,392.66,397.63,386.57
MSFT,2/27/25,392.53,21127410,401.27,405.74,392.17
MSFT,2/26/25,399.73,19618950,398.01,403.6,394.25
MSFT,2/25/25,397.9,29387400,401.1,401.92,396.7
MSFT,2/24/25,404,26443660,408.51,409.37,399.32
MSFT,2/21/25,408.21,27524800,417.34,418.05,407.89
MSFT,2/20/25,416.13,23508730,415.29,419.31,412.54
MSFT,2/19/25,414.77,24114200,407.88,415.49,407.65
MSFT,2/18/25,409.64,21423050,408,410.6,406.5
MSFT,2/14/25,408.43,22758460,407.79,408.91,405.88
MSFT,2/13/25,410.54,23891730,407,411,406.36
MSFT,2/12/25,409.04,19121730,407.21,410.75,404.37
MSFT,2/11/25,411.44,18140590,409.64,412.49,409.3
MSFT,2/10/25,412.22,20817920,413.71,415.46,410.92
MSFT,2/7/25,409.75,22886840,416.48,418.65,408.1
MSFT,2/6/25,415.82,16309760,414,418.2,414
MSFT,2/5/25,413.29,16336190,412.35,413.83,410.4
MSFT,2/4/25,412.37,20532100,412.69,413.92,409.74
MSFT,2/3/25,410.92,25679150,411.6,415.41,408.66
MSFT,1/31/25,415.06,34223390,418.98,420.69,414.91
MSFT,1/30/25,414.99,54586260,418.77,422.86,413.16
MSFT,1/29/25,442.33,23581370,446.69,446.88,440.4
MSFT,1/28/25,447.2,23491700,434.6,448.38,431.38
MSFT,1/27/25,434.56,35647810,424.01,435.2,423.5
MSFT,1/24/25,444.06,15549450,445.16,446.65,441.4
MSFT,1/23/25,446.71,18389270,442,446.75,441.5
MSFT,1/22/25,446.2,27803810,437.56,447.27,436
MSFT,1/21/25,428.5,26085700,430.2,430.9,425.6
MSFT,1/17/25,429.03,26197510,434.09,434.48,428.17
MSFT,1/16/25,424.58,15300020,428.7,429.49,424.39
MSFT,1/15/25,426.31,19637840,419.13,428.15,418.27
MSFT,1/14/25,415.67,16935860,417.81,419.74,410.72
MSFT,1/13/25,417.19,17604780,415.24,418.5,412.29
MSFT,1/10/25,418.95,20201130,424.63,424.71,415.02
MSFT,1/8/25,424.56,15054580,423.46,426.97,421.54
MSFT,1/7/25,422.37,18139070,429,430.65,420.8
MSFT,1/6/25,427.85,20573650,428,434.32,425.48
MSFT,1/3/25,423.35,16662940,421.08,424.03,419.54
MSFT,1/2/25,418.58,16896470,425.53,426.07,414.85
MSFT,12/31/24,421.5,13246510,426.1,426.73,420.66
MSFT,12/30/24,424.83,13158700,426.06,427.55,421.9
MSFT,12/27/24,430.53,18117710,434.6,435.22,426.35
MSFT,12/26/24,438.11,8199927,439.08,440.94,436.63
MSFT,12/24/24,439.33,7164543,434.65,439.6,434.19
MSFT,12/23/24,435.25,19152520,436.74,437.65,432.83
MSFT,12/20/24,436.6,64263690,433.11,443.74,428.63
MSFT,12/19/24,437.03,22963680,441.62,443.18,436.32
MSFT,12/18/24,437.39,24444550,451.32,452.65,437.02
MSFT,12/17/24,454.46,22733490,451.01,455.29,449.57
MSFT,12/16/24,451.59,23598830,447.27,452.18,445.28
MSFT,12/13/24,447.27,20177830,448.44,451.43,445.58
MSFT,12/12/24,449.56,20834780,449.11,456.16,449.11
MSFT,12/11/24,448.99,19200210,444.05,450.35,444.05
MSFT,12/10/24,443.33,18469460,444.39,449.62,441.6
MSFT,12/9/24,446.02,19144390,442.6,448.33,440.5
MSFT,12/6/24,443.57,18821000,442.3,446.1,441.77
MSFT,12/5/24,442.62,21697780,437.92,444.66,436.17
MSFT,12/4/24,437.42,26009430,433.03,439.67,432.63
MSFT,12/3/24,431.2,18301990,429.84,432.47,427.74
MSFT,12/2/24,430.98,20207220,421.57,433,421.31
MSFT,11/29/24,423.46,16271920,420.09,424.88,417.8
MSFT,11/27/24,422.99,18332440,425.11,427.23,422.02
MSFT,11/26/24,427.99,23458890,419.59,429.04,418.85
MSFT,11/25/24,418.79,27691090,418.38,421.08,414.85
MSFT,11/22/24,417,24814630,411.37,417.4,411.06
MSFT,11/21/24,412.87,20780160,419.5,419.78,410.29
MSFT,11/20/24,415.49,19191660,416.87,417.29,410.58
MSFT,11/19/24,417.79,18133530,413.11,417.94,411.55
MSFT,11/18/24,415.76,24742010,414.87,418.4,412.1
MSFT,11/15/24,415,28247640,419.82,422.8,413.64
MSFT,11/14/24,426.89,30246880,425,428.17,420
MSFT,11/13/24,425.2,21502190,421.64,429.33,418.21
MSFT,11/12/24,423.03,19401200,418.25,424.44,417.2
MSFT,11/11/24,418.01,24503320,422.52,424.81,416
MSFT,11/8/24,422.54,16891410,425.32,426.5,421.78
MSFT,11/7/24,425.43,19901780,421.28,426.85,419.88
MSFT,11/6/24,420.18,26681840,412.42,420.45,410.52
MSFT,11/5/24,411.46,17626010,408.37,414.9,408.08
MSFT,11/4/24,408.46,19672290,409.8,410.42,405.57
MSFT,11/1/24,410.37,24230440,409.01,415.5,407.5
MSFT,10/31/24,406.35,53970980,415.36,416.16,406.3
MSFT,10/30/24,432.53,29749150,437.44,438.5,432.1
MSFT,10/29/24,431.95,17644080,428,433.17,425.8
MSFT,10/28/24,426.59,14882440,431.66,431.94,426.3
MSFT,10/25/24,428.15,16899060,426.76,432.52,426.57
MSFT,10/24/24,424.73,13581630,425.33,425.98,422.4
MSFT,10/23/24,424.6,19654380,430.86,431.08,422.53
MSFT,10/22/24,427.51,25482200,418.49,430.58,418.04
MSFT,10/21/24,418.78,14206120,416.12,418.96,413.75
MSFT,10/18/24,418.16,17145320,417.14,419.65,416.26
MSFT,10/17/24,416.72,14820000,422.36,422.5,415.59
MSFT,10/16/24,416.12,15508930,415.17,416.36,410.48
MSFT,10/15/24,418.74,18900200,422.18,422.48,415.26
MSFT,10/14/24,419.14,16653090,417.77,424.04,417.52
MSFT,10/11/24,416.32,14144940,416.14,417.13,413.25
MSFT,10/10/24,415.84,13848380,415.23,417.35,413.15
MSFT,10/9/24,417.46,14974260,415.86,420.38,414.3
MSFT,10/8/24,414.71,19229260,410.9,415.66,408.17
MSFT,10/7/24,409.54,20919760,416,417.11,409
MSFT,10/4/24,416.06,19190910,418.24,419.75,414.97
MSFT,10/3/24,416.54,13686420,417.63,419.55,414.29
MSFT,10/2/24,417.13,16582260,422.58,422.82,416.71
MSFT,10/1/24,420.69,19092950,428.45,428.48,418.81
MSFT,9/30/24,430.3,16854610,428.21,430.42,425.37
MSFT,9/27/24,428.02,14896130,431.52,431.85,427.47
MSFT,9/26/24,431.31,14492040,435.09,435.3,429.13
MSFT,9/25/24,432.11,13396360,429.83,433.12,428.57
MSFT,9/24/24,429.17,17015750,433,433.35,426.1
MSFT,9/23/24,433.51,15128890,434.28,436.46,430.39
MSFT,9/20/24,435.27,55167110,437.22,439.24,434.22
MSFT,9/19/24,438.69,21706560,441.23,441.5,436.9
MSFT,9/18/24,430.81,18898040,435,436.03,430.41
MSFT,9/17/24,435.15,18874230,440.23,441.85,432.27
MSFT,9/16/24,431.34,13834700,430.6,433.53,428.22
MSFT,9/13/24,430.59,15874560,425.83,431.83,425.46
MSFT,9/12/24,427,17418760,423.31,427.37,419.75
MSFT,9/11/24,423.04,19266920,415.5,423.99,409.58
MSFT,9/10/24,414.2,19594290,408.2,416.33,407.7
MSFT,9/9/24,405.72,15295130,407.24,408.65,402.15
MSFT,9/6/24,401.7,19609530,409.06,410.65,400.8
MSFT,9/5/24,408.39,14195520,407.62,413.1,406.13
MSFT,9/4/24,408.9,15135810,405.91,411.24,404.37
MSFT,9/3/24,409.44,20313600,417.91,419.88,407.03
MSFT,8/30/24,417.14,24308320,415.6,417.49,412.13
MSFT,8/29/24,413.12,17045240,414.94,422.05,410.6
MSFT,8/28/24,410.6,14882660,414.88,415,407.31
MSFT,8/27/24,413.84,13492910,412.86,414.36,410.25
MSFT,8/26/24,413.49,13152830,416.37,417.28,411.34
MSFT,8/23/24,416.79,18493780,416.98,419.26,412.09
MSFT,8/22/24,415.55,19361900,424.36,426.79,414.61
MSFT,8/21/24,424.14,16067300,424.08,426.4,421.72
MSFT,8/20/24,424.8,16387580,421.7,425.86,421.64
MSFT,8/19/24,421.53,15233960,418.96,421.75,416.46
MSFT,8/16/24,418.47,22775590,420.6,421.34,417.3
MSFT,8/15/24,421.03,20752140,419.8,421.11,417.66
MSFT,8/14/24,416.86,18266980,414.8,417.72,412.45
MSFT,8/13/24,414.01,19414270,409.59,414.95,409.57
MSFT,8/12/24,406.81,16762880,407.06,408.76,404.24
MSFT,8/9/24,406.02,19276670,404.03,408.05,402.26
MSFT,8/8/24,402.69,20203030,402.44,405.86,399.94
MSFT,8/7/24,398.43,20650910,408.64,410.08,397.47
MSFT,8/6/24,399.61,24946530,400,405.67,398.5
MSFT,8/5/24,395.15,40709240,389.17,401.04,385.58
MSFT,8/2/24,408.49,29437900,412.49,415,404.34
MSFT,8/1/24,417.11,30296400,420.79,427.46,413.09
MSFT,7/31/24,418.35,42891370,420.5,421.78,412.21
MSFT,7/30/24,422.92,32687580,427.72,429.05,417.36
MSFT,7/29/24,426.73,15125840,431.58,432.15,424.7
MSFT,7/26/24,425.27,23583840,418.2,428.92,417.27
MSFT,7/25/24,418.4,29943800,428.8,429.8,417.51
MSFT,7/24/24,428.9,26805800,440.45,441.48,427.59
MSFT,7/23/24,444.85,13107050,443.9,448.39,443.1
MSFT,7/22/24,442.94,15808760,441.79,444.6,438.91
MSFT,7/19/24,437.11,20940420,433.1,441.14,432
MSFT,7/18/24,440.37,20794820,444.34,444.65,434.4
MSFT,7/17/24,443.52,21754020,442.59,444.85,439.18
MSFT,7/16/24,449.52,17175680,454.22,454.3,446.66
MSFT,7/15/24,453.96,14429450,453.3,457.26,451.43
MSFT,7/12/24,453.55,16324270,454.33,456.36,450.65
MSFT,7/11/24,454.7,23111180,462.98,464.78,451.55
MSFT,7/10/24,466.25,18196100,461.22,466.46,458.86
MSFT,7/9/24,459.54,17228510,467,467.33,458
MSFT,7/8/24,466.24,12962320,466.55,467.7,464.46
MSFT,7/5/24,467.56,16000290,459.61,468.35,458.97
MSFT,7/3/24,460.77,9932830,458.19,461.02,457.88
MSFT,7/2/24,459.28,13979780,453.2,459.59,453.11
MSFT,7/1/24,456.73,17662820,448.66,457.37,445.66
MSFT,6/28/24,446.95,28362270,453.07,455.38,446.41
MSFT,6/27/24,452.85,14806320,452.18,456.17,451.77
MSFT,6/26/24,452.16,16507030,449,453.6,448.19
MSFT,6/25/24,450.95,16747530,448.25,451.42,446.75
MSFT,6/24/24,447.67,15913720,449.8,452.75,446.41
MSFT,6/21/24,449.78,34486170,447.38,450.58,446.51
MSFT,6/20/24,445.7,19877380,446.3,446.53,441.27
MSFT,6/18/24,446.34,17112500,449.71,450.14,444.89
MSFT,6/17/24,448.37,20790030,442.59,450.94,440.72
MSFT,6/14/24,442.57,13581990,438.28,443.14,436.72
MSFT,6/13/24,441.58,15960570,440.85,443.39,439.37
MSFT,6/12/24,441.06,22366230,435.32,443.4,433.25
MSFT,6/11/24,432.68,14551100,425.48,432.82,425.25
MSFT,6/10/24,427.87,14003030,424.7,428.08,423.89
MSFT,6/7/24,423.85,13621650,426.2,426.28,423
MSFT,6/6/24,424.52,14861250,424.01,425.31,420.58
MSFT,6/5/24,424.01,16988040,417.81,424.08,416.3
MSFT,6/4/24,416.07,14348920,412.43,416.44,409.68
MSFT,6/3/24,413.52,17484680,415.53,416.43,408.92
MSFT,5/31/24,415.13,47995250,416.75,416.75,404.51
MSFT,5/30/24,414.67,28424850,424.3,424.3,414.24
MSFT,5/29/24,429.17,15517130,425.69,430.94,425.69
MSFT,5/28/24,430.32,15718020,429.63,430.82,426.6
MSFT,5/24/24,430.16,11855290,427.19,431.06,424.41
MSFT,5/23/24,427,17211690,432.97,433.6,425.42
MSFT,5/22/24,430.52,18073700,430.09,432.41,427.13
MSFT,5/21/24,429.04,21453260,426.83,432.97,424.85
MSFT,5/20/24,425.34,16272140,420.21,426.77,419.99
MSFT,5/17/24,420.21,15352240,422.54,422.92,418.03
MSFT,5/16/24,420.99,17530050,421.8,425.42,420.35
MSFT,5/15/24,423.08,22239530,417.9,423.81,417.27
MSFT,5/14/24,416.56,15109310,412.02,417.49,411.55
MSFT,5/13/24,413.72,15440230,418.01,418.35,410.82
MSFT,5/10/24,414.74,13402280,412.94,415.38,411.8
MSFT,5/9/24,412.32,14689730,410.57,412.72,409.1
MSFT,5/8/24,410.54,11792310,408.17,412.23,406.71
MSFT,5/7/24,409.34,20018230,414.66,414.67,409.09
MSFT,5/6/24,413.54,16996640,408.76,413.93,406.37
MSFT,5/3/24,406.66,17446720,402.28,407.15,401.86
MSFT,5/2/24,397.84,17709360,397.66,399.93,394.65
MSFT,5/1/24,394.94,23562480,392.61,401.72,390.31
MSFT,4/30/24,389.33,28781370,401.49,402.16,389.17
MSFT,4/29/24,402.25,19582090,405.25,406.32,399.19
MSFT,4/26/24,406.32,29694650,412.17,413,405.76
MSFT,4/25/24,399.04,40586450,394.03,399.89,388.03
MSFT,4/24/24,409.06,15065330,409.56,412.47,406.78
MSFT,4/23/24,407.57,15734500,404.24,408.2,403.06
MSFT,4/22/24,400.96,20286880,400.08,402.85,395.75
MSFT,4/19/24,399.12,30565790,404.03,405.48,397.77
MSFT,4/18/24,404.27,21029920,410.63,411.89,403.95
MSFT,4/17/24,411.84,15855490,417.25,418.88,410.33
MSFT,4/16/24,414.58,16765620,414.57,418.4,413.73
MSFT,4/15/24,413.64,20273540,426.6,426.82,413.43
MSFT,4/12/24,421.9,19253750,424.05,425.18,419.77
MSFT,4/11/24,427.93,17966420,425.82,429.37,422.36
MSFT,4/10/24,423.26,16216580,422.19,424.03,419.7
MSFT,4/9/24,426.28,12512290,426.44,427.74,421.62
MSFT,4/8/24,424.59,14272390,425.17,427.28,423.3
MSFT,4/5/24,425.52,16554760,420.01,426.51,418.32
MSFT,4/4/24,417.88,19370880,424.99,428.67,417.57
MSFT,4/3/24,420.45,16502260,419.73,423.26,419.09
MSFT,4/2/24,421.44,17911990,420.11,422.38,417.84
MSFT,4/1/24,424.57,16315960,423.95,427.89,422.22
MSFT,3/28/24,420.72,21871160,420.96,421.87,419.12
MSFT,3/27/24,421.43,16704980,424.44,424.45,419.01
MSFT,3/26/24,421.65,16725650,425.61,425.99,421.35
MSFT,3/25/24,422.86,18060450,425.24,427.41,421.61
MSFT,3/22/24,428.74,17648470,429.7,429.86,426.07
MSFT,3/21/24,429.37,21296220,429.83,430.82,427.16
MSFT,3/20/24,425.23,17860090,422,425.96,420.66
MSFT,3/19/24,421.41,19837920,417.83,421.67,415.55
MSFT,3/18/24,417.32,20105980,414.25,420.73,413.78
MSFT,3/15/24,416.42,45079900,419.29,422.6,412.79
MSFT,3/14/24,425.22,34157300,420.24,427.82,417.99
MSFT,3/13/24,415.1,17115930,418.1,418.18,411.45
MSFT,3/12/24,415.28,22457000,407.62,415.57,406.79
MSFT,3/11/24,404.52,16120750,403.76,405.68,401.26
MSFT,3/8/24,406.22,18002190,407.96,410.42,404.33
MSFT,3/7/24,409.14,18718480,406.12,409.78,402.24
MSFT,3/6/24,402.09,22344150,402.97,405.16,398.39
MSFT,3/5/24,402.65,26919180,413.96,414.25,400.64
MSFT,3/4/24,414.92,17595960,413.44,417.35,412.32
MSFT,3/1/24,415.5,17823450,411.27,415.87,410.88
MSFT,2/29/24,413.64,31947260,408.64,414.2,405.92
MSFT,2/28/24,407.72,13183130,408.18,409.3,405.32
MSFT,2/27/24,407.48,14835830,407.99,408.32,403.85
MSFT,2/26/24,407.54,16193510,411.46,412.16,407.36
MSFT,2/23/24,410.34,16295880,415.67,415.86,408.97
MSFT,2/22/24,411.65,27009870,410.19,412.83,408.57
MSFT,2/21/24,402.18,18631070,400.17,402.29,397.22
MSFT,2/20/24,402.79,24307920,403.24,404.49,398.01
MSFT,2/16/24,404.06,22296500,407.96,408.29,403.44
MSFT,2/15/24,406.56,21825530,408.14,409.13,404.29
MSFT,2/14/24,409.49,20401190,408.07,409.84,404.57
MSFT,2/13/24,406.32,27824940,404.94,410.07,403.39
MSFT,2/12/24,415.26,21202920,420.56,420.74,414.75
MSFT,2/9/24,420.55,22032840,415.25,420.82,415.09
MSFT,2/8/24,414.11,21225260,414.05,415.56,412.53
MSFT,2/7/24,414.05,22340530,407.44,414.3,407.4
MSFT,2/6/24,405.49,18382620,405.88,407.97,402.91
MSFT,2/5/24,405.65,25352290,409.9,411.16,403.99
MSFT,2/2/24,411.22,28256670,403.81,412.65,403.56
MSFT,2/1/24,403.78,30657730,401.83,408,401.8
MSFT,1/31/24,397.58,47871100,406.96,415.32,397.21
MSFT,1/30/24,408.59,33477610,412.26,413.05,406.45
MSFT,1/29/24,409.72,24510240,406.06,409.98,404.33
MSFT,1/26/24,403.93,17803270,404.37,406.17,402.43
MSFT,1/25/24,404.87,21021160,404.32,407.01,402.53
MSFT,1/24/24,402.56,24866950,401.54,405.63,400.45
MSFT,1/23/24,398.9,20525880,395.75,399.38,393.93
MSFT,1/22/24,396.51,27016900,400.02,400.62,393.59
MSFT,1/19/24,398.67,29331140,395.76,398.67,393.5
MSFT,1/18/24,393.87,23392070,391.72,393.99,390.12
MSFT,1/17/24,389.47,22234110,387.98,390.11,384.81
MSFT,1/16/24,390.27,27202270,393.66,394.03,387.62
MSFT,1/12/24,388.47,21661150,385.49,388.68,384.65
MSFT,1/11/24,384.63,27850850,386,390.68,380.38
MSFT,1/10/24,382.77,25514250,376.37,384.17,376.32
MSFT,1/9/24,375.79,20829950,372.01,375.99,371.19
MSFT,1/8/24,374.69,23133970,369.3,375.2,369.01
MSFT,1/5/24,367.75,21004580,368.97,372.06,366.5
MSFT,1/4/24,367.94,20901500,370.67,373.1,367.17
MSFT,1/3/24,370.6,23083470,369.01,373.26,368.51
MSFT,1/2/24,370.87,25258630,373.86,375.9,366.77
MSFT,12/29/23,376.04,18730840,376,377.16,373.48
MSFT,12/28/23,375.28,14327010,375.37,376.46,374.16
MSFT,12/27/23,374.07,14905410,373.69,375.06,372.81
MSFT,12/26/23,374.66,12673050,375,376.94,373.5
MSFT,12/22/23,374.58,17107480,373.68,375.18,372.71
MSFT,12/21/23,373.54,17708010,372.56,374.41,370.04
MSFT,12/20/23,370.62,26316650,375,376.03,370.53
MSFT,12/19/23,373.26,20603660,371.49,373.26,369.84
MSFT,12/18/23,372.65,21802880,369.45,373,368.68
MSFT,12/15/23,370.73,78502320,366.85,372.4,366.28
MSFT,12/14/23,365.93,43277460,373.31,373.76,364.13
MSFT,12/13/23,374.37,30955530,376.02,377.64,370.77
MSFT,12/12/23,374.38,24838250,370.85,374.42,370.46
MSFT,12/11/23,371.3,27708760,368.48,371.6,366.1
MSFT,12/8/23,374.23,20154370,369.2,374.46,368.23
MSFT,12/7/23,370.95,23118860,368.23,371.45,366.32
MSFT,12/6/23,368.8,21182070,373.54,374.18,368.03
MSFT,12/5/23,372.52,23065040,366.45,373.08,365.62
MSFT,12/4/23,369.14,32063310,369.1,369.52,362.9
MSFT,12/1/23,374.51,33040470,376.76,378.16,371.31
MSFT,11/30/23,378.91,30554420,378.49,380.09,375.47
MSFT,11/29/23,378.85,28963400,383.76,384.3,377.44
MSFT,11/28/23,382.7,20453110,378.35,383,378.16
MSFT,11/27/23,378.61,22179230,376.78,380.64,376.2
MSFT,11/24/23,377.43,10176650,377.33,377.97,375.14
MSFT,11/22/23,377.85,23361180,378,379.79,374.97
MSFT,11/21/23,373.07,28423150,375.67,376.22,371.12
MSFT,11/20/23,377.44,52528960,371.22,378.87,371
MSFT,11/17/23,369.85,40325370,373.61,374.37,367
MSFT,11/16/23,376.17,27182320,370.96,376.35,370.18
MSFT,11/15/23,369.67,26860100,371.28,373.13,367.11
MSFT,11/14/23,370.27,27683860,371.01,371.95,367.35
MSFT,11/13/23,366.68,19986510,368.22,368.47,365.9
MSFT,11/10/23,369.67,28065160,361.49,370.1,361.07
MSFT,11/9/23,360.69,24847330,362.3,364.79,360.36
MSFT,11/8/23,363.2,26767830,361.68,363.87,360.55
MSFT,11/7/23,360.53,25833930,359.4,362.46,357.63
MSFT,11/6/23,356.53,23828300,353.45,357.54,353.35
MSFT,11/3/23,352.8,23637670,349.63,354.39,347.33
MSFT,11/2/23,348.32,24348070,347.24,348.83,344.77
MSFT,11/1/23,346.07,28158820,339.79,347.42,339.65
MSFT,10/31/23,338.11,20265280,338.85,339,334.69
MSFT,10/30/23,337.31,22828080,333.41,339.45,331.83
MSFT,10/27/23,329.81,29856520,330.43,336.72,328.4
MSFT,10/26/23,327.89,37828540,340.54,341.63,326.94
MSFT,10/25/23,340.67,55053830,345.02,346.2,337.62
MSFT,10/24/23,330.53,31153570,331.3,331.84,327.6
MSFT,10/23/23,329.32,24374750,325.47,332.73,324.39
MSFT,10/20/23,326.67,25027720,331.72,331.92,325.45
MSFT,10/19/23,331.32,25052070,332.15,336.88,330.91
MSFT,10/18/23,330.11,23153600,332.49,335.59,328.3
MSFT,10/17/23,332.06,18338520,329.59,333.46,327.41
MSFT,10/16/23,332.64,22158050,331.05,336.14,330.6
MSFT,10/13/23,327.73,21085700,332.38,333.83,326.36
MSFT,10/12/23,331.16,19313100,330.57,333.63,328.72
MSFT,10/11/23,332.42,20063250,331.21,332.82,329.14
MSFT,10/10/23,328.39,20557090,330.96,331.1,327.67
MSFT,10/9/23,329.82,19891180,324.75,330.3,323.18
MSFT,10/6/23,327.26,25673630,316.55,329.19,316.3
MSFT,10/5/23,319.36,16965630,319.09,319.98,314.9
MSFT,10/4/23,318.96,20720140,314.03,320.04,314
MSFT,10/3/23,313.39,21033490,320.83,321.39,311.22
MSFT,10/2/23,321.8,20570010,316.28,321.89,315.18
MSFT,9/29/23,315.75,24147300,317.75,319.47,314.98
MSFT,9/28/23,313.64,19683560,310.99,315.48,309.45
MSFT,9/27/23,312.79,19410080,312.3,314.3,309.69
MSFT,9/26/23,312.14,26297570,315.13,315.88,310.02
MSFT,9/25/23,317.54,17835960,316.59,317.67,315
MSFT,9/22/23,317.01,21447890,321.32,321.45,316.15
MSFT,9/21/23,319.53,35560360,319.26,325.35,315
MSFT,9/20/23,320.77,21436530,329.51,329.59,320.51
MSFT,9/19/23,328.65,16514490,326.17,329.39,324.51
MSFT,9/18/23,329.06,16834210,327.8,330.4,326.36
MSFT,9/15/23,330.22,37679790,336.92,337.4,329.65
MSFT,9/14/23,338.7,20267050,339.15,340.86,336.57
MSFT,9/13/23,336.06,16544410,331.31,336.85,331.17
MSFT,9/12/23,331.77,17565480,335.82,336.79,331.48
MSFT,9/11/23,337.94,16583320,337.24,338.42,335.43
MSFT,9/8/23,334.27,19548170,330.09,336.16,329.46
MSFT,9/7/23,329.91,18381000,331.29,333.08,329.03
MSFT,9/6/23,332.88,17535770,333.38,334.46,330.18
MSFT,9/5/23,333.55,18553860,329,334.85,328.66
MSFT,9/1/23,328.66,14942020,331.31,331.99,326.78
MSFT,8/31/23,327.76,26410950,329.2,330.91,326.78
MSFT,8/30/23,328.79,15222110,328.67,329.81,326.45
MSFT,8/29/23,328.41,19284590,321.88,328.98,321.88
MSFT,8/28/23,323.7,14808480,325.66,326.15,321.72
MSFT,8/25/23,322.98,21684100,321.47,325.36,318.8
MSFT,8/24/23,319.97,23281430,332.85,332.98,319.96
MSFT,8/23/23,327,21166380,323.82,329.2,323.46
MSFT,8/22/23,322.46,16102020,325.5,326.08,321.46
MSFT,8/21/23,321.88,24039960,317.93,322.77,317.04
MSFT,8/18/23,316.48,24755010,314.49,318.38,311.55
MSFT,8/17/23,316.88,21257160,320.54,321.87,316.21
MSFT,8/16/23,320.4,20698860,320.8,324.42,319.8
MSFT,8/15/23,321.86,16966290,323,325.09,320.9
MSFT,8/14/23,324.04,18836140,321.39,324.06,320.08
MSFT,8/11/23,321.01,24355490,320.26,322.41,319.21
MSFT,8/10/23,322.93,20113730,326.02,328.26,321.18
MSFT,8/9/23,322.23,22373270,326.47,327.11,321.05
MSFT,8/8/23,326.05,22327570,326.96,328.75,323
MSFT,8/7/23,330.11,17741530,328.37,331.11,327.52
MSFT,8/4/23,327.78,23741480,331.88,335.14,327.24
MSFT,8/3/23,326.66,18360350,326,329.88,325.95
MSFT,8/2/23,327.5,27761260,333.63,333.63,326.36
MSFT,8/1/23,336.34,18381250,335.19,338.54,333.7
MSFT,7/31/23,335.92,25446020,336.92,337.7,333.36
MSFT,7/28/23,338.37,28484870,333.67,340.01,333.17
MSFT,7/27/23,330.72,39635260,340.48,341.33,329.05
MSFT,7/26/23,337.77,58383700,341.44,344.67,333.11
MSFT,7/25/23,350.98,41637740,347.11,351.89,345.07
MSFT,7/24/23,345.11,26719210,345.85,346.92,342.31
MSFT,7/21/23,343.77,69405380,349.15,350.3,339.83
MSFT,7/20/23,346.87,33778400,353.57,357.97,345.37
MSFT,7/19/23,355.08,39732900,361.75,362.46,352.44
MSFT,7/18/23,359.49,64872710,345.83,366.78,342.17
MSFT,7/17/23,345.73,20363930,345.68,346.99,342.2
MSFT,7/14/23,345.24,28352730,347.59,351.43,344.31
MSFT,7/13/23,342.66,20567160,339.56,343.74,339.02
MSFT,7/12/23,337.2,29995260,336.6,341.65,335.67
MSFT,7/11/23,332.47,26698220,331.06,332.86,327
MSFT,7/10/23,331.83,32791450,334.6,335.23,327.59
MSFT,7/7/23,337.22,21214820,339.32,341.79,337
MSFT,7/6/23,341.27,28195530,337.3,342.99,335.5
MSFT,7/5/23,338.15,18172380,335.09,341.65,334.73
MSFT,7/3/23,337.99,12484240,339.19,340.9,336.57
MSFT,6/30/23,340.54,26832760,337.75,342.73,337.2
MSFT,6/29/23,335.05,16997040,334.71,336.11,332.62
MSFT,6/28/23,335.85,20259520,334.66,337.98,333.81
MSFT,6/27/23,334.57,24354110,331.86,336.15,329.3
MSFT,6/26/23,328.6,21520580,333.72,336.11,328.49
MSFT,6/23/23,335.02,23146900,334.36,337.96,333.45
MSFT,6/22/23,339.71,23556760,334.12,340.12,333.34
MSFT,6/21/23,333.56,25117800,336.37,337.73,332.07
MSFT,6/20/23,338.05,26375410,339.31,342.08,335.86
MSFT,6/16/23,342.33,46551990,351.32,351.47,341.95
MSFT,6/15/23,348.1,38899080,337.48,349.84,337.2
MSFT,6/14/23,337.34,26003790,334.34,339.04,332.81
MSFT,6/13/23,334.29,22951280,334.47,336.98,330.39
MSFT,6/12/23,331.85,24306750,328.58,332.1,325.16
MSFT,6/9/23,326.79,22528950,324.99,329.99,324.41
MSFT,6/8/23,325.26,23277710,323.94,326.64,323.35
MSFT,6/7/23,323.38,40717130,331.65,334.49,322.5
MSFT,6/6/23,333.68,20396220,335.33,335.37,332.17
MSFT,6/5/23,335.94,21307050,335.22,338.56,334.66
MSFT,6/2/23,335.4,25873770,334.25,337.5,332.55
MSFT,6/1/23,332.58,26773850,325.93,333.53,324.72
MSFT,5/31/23,328.39,45950550,332.29,335.94,327.33
MSFT,5/30/23,331.21,29503070,335.23,335.74,330.52
MSFT,5/26/23,332.89,36630630,324.02,333.4,323.88
MSFT,5/25/23,325.92,43301740,323.24,326.9,320
MSFT,5/24/23,313.85,23384890,314.73,316.5,312.61
MSFT,5/23/23,315.26,30797170,320.03,322.72,315.25
MSFT,5/22/23,321.18,24115660,318.6,322.59,318.01
MSFT,5/19/23,318.34,27546700,316.74,318.75,316.37
MSFT,5/18/23,318.52,27275990,314.53,319.04,313.72
MSFT,5/17/23,314,24315010,312.29,314.43,310.74
MSFT,5/16/23,311.74,26730350,309.83,313.71,309.83
MSFT,5/15/23,309.46,16336550,309.1,309.91,307.59
MSFT,5/12/23,308.97,19774700,310.55,310.65,306.6
MSFT,5/11/23,310.11,31680180,310.1,311.12,306.26
MSFT,5/10/23,312.31,30078040,308.62,313,307.67
MSFT,5/9/23,307,21340830,308,310.04,306.31
MSFT,5/8/23,308.65,21318610,310.13,310.2,306.09
MSFT,5/5/23,310.65,28197050,305.72,311.97,304.27
MSFT,5/4/23,305.41,22519910,306.24,307.76,303.4
MSFT,5/3/23,304.4,22360750,306.62,308.61,304.09
MSFT,5/2/23,305.41,26404430,307.76,309.18,303.91
MSFT,5/1/23,305.56,21294120,306.97,308.6,305.15
MSFT,4/28/23,307.26,36469610,304.01,308.93,303.31
MSFT,4/27/23,304.83,46462640,295.97,305.2,295.25
MSFT,4/26/23,295.37,64599180,296.7,299.57,292.73
MSFT,4/25/23,275.42,45772240,279.51,281.6,275.37
MSFT,4/24/23,281.77,26611010,282.09,284.95,278.72
MSFT,4/21/23,285.76,21676390,285.01,286.27,283.06
MSFT,4/20/23,286.11,23244360,285.25,289.03,285.08
MSFT,4/19/23,288.45,17150270,285.99,289.05,284.54
MSFT,4/18/23,288.37,20161850,291.57,291.76,287.01
MSFT,4/17/23,288.8,23836220,289.93,291.6,286.16
MSFT,4/14/23,286.14,20987920,287,288.48,283.69
MSFT,4/13/23,289.84,24222680,283.59,289.9,283.17
MSFT,4/12/23,283.49,27403430,284.79,287.01,281.96
MSFT,4/11/23,282.83,27276590,285.75,285.98,281.64
MSFT,4/10/23,289.39,23102990,289.21,289.6,284.71
MSFT,4/6/23,291.6,29770330,283.21,292.08,282.03
MSFT,4/5/23,284.34,22064770,285.85,287.15,282.92
MSFT,4/4/23,287.18,25824300,287.23,290.45,285.67
MSFT,4/3/23,287.23,24883340,286.52,288.27,283.95
MSFT,3/31/23,288.3,32765980,283.73,289.27,283
MSFT,3/30/23,284.05,25053410,284.23,284.46,281.48
MSFT,3/29/23,280.51,25087030,278.96,281.14,278.41
MSFT,3/28/23,275.23,21878650,275.79,276.14,272.05
MSFT,3/27/23,276.38,26840210,280.5,281.46,275.52
MSFT,3/24/23,280.57,28199960,277.24,280.63,275.28
MSFT,3/23/23,277.66,36610880,277.94,281.06,275.2
MSFT,3/22/23,272.29,34873330,273.4,281.04,272.18
MSFT,3/21/23,273.78,34558700,274.88,275,269.52
MSFT,3/20/23,272.23,43466650,276.98,277.48,269.85
MSFT,3/17/23,279.43,69527370,278.26,283.33,276.32
MSFT,3/16/23,276.2,54832140,265.21,276.56,263.28
MSFT,3/15/23,265.44,46028050,259.98,266.48,259.21
MSFT,3/14/23,260.79,33620290,256.75,261.07,255.86
MSFT,3/13/23,253.92,33339720,247.4,257.91,245.73
MSFT,3/10/23,248.59,28333930,251.08,252.79,247.6
MSFT,3/9/23,252.32,26653390,255.82,259.56,251.58
MSFT,3/8/23,253.7,17340220,254.04,254.54,250.81
MSFT,3/7/23,254.15,21473180,256.3,257.69,253.39
MSFT,3/6/23,256.87,24109850,256.43,260.12,255.98
MSFT,3/3/23,255.29,30760140,252.19,255.62,251.39
MSFT,3/2/23,251.11,24833650,246.55,251.4,245.61
MSFT,3/1/23,246.27,27565260,250.76,250.93,245.79
MSFT,2/28/23,249.42,22490950,249.07,251.49,248.73
MSFT,2/27/23,250.16,21190040,252.46,252.82,249.39
MSFT,2/24/23,249.22,24990910,249.96,251,248.1
MSFT,2/23/23,254.77,29219100,255.56,256.84,250.48
MSFT,2/22/23,251.51,22491060,254.09,254.34,250.34
MSFT,2/21/23,252.67,28397440,254.48,255.49,251.59
MSFT,2/17/23,258.06,30000060,259.39,260.09,256
MSFT,2/16/23,262.15,29603620,264.02,266.74,261.9
MSFT,2/15/23,269.32,28962160,268.32,270.73,266.18
MSFT,2/14/23,272.17,37047920,272.67,274.97,269.28
MSFT,2/13/23,271.32,44630920,267.64,274.6,267.15
MSFT,2/10/23,263.1,25818490,261.53,264.09,260.66
MSFT,2/9/23,263.62,42375100,273.8,273.98,262.8
MSFT,2/8/23,266.73,54686050,273.2,276.76,266.21
MSFT,2/7/23,267.56,50841370,260.53,268.78,260.08
MSFT,2/6/23,256.77,22518000,257.44,258.3,254.78
MSFT,2/3/23,258.35,29077260,259.54,264.2,257.1
MSFT,2/2/23,264.6,39940440,258.82,264.69,257.25
MSFT,2/1/23,252.75,31259910,248,255.18,245.47
MSFT,1/31/23,247.81,26541070,243.45,247.95,242.95
MSFT,1/30/23,242.71,25867370,244.51,245.6,242.2
MSFT,1/27/23,248.16,26498940,248.99,249.83,246.83
MSFT,1/26/23,248,33454490,243.65,248.31,242
MSFT,1/25/23,240.61,66526640,234.48,243.3,230.9
MSFT,1/24/23,242.04,40234440,242.5,243.95,240.44
MSFT,1/23/23,242.58,31933950,241.1,245.17,239.65
MSFT,1/20/23,240.22,35389810,234.86,240.74,234.51
MSFT,1/19/23,231.93,28623030,233.78,235.52,230.68
MSFT,1/18/23,235.81,30028690,241.57,242.38,235.52
MSFT,1/17/23,240.35,29831260,237.97,240.91,237.09
MSFT,1/13/23,239.23,21333270,237,239.37,234.92
MSFT,1/12/23,238.51,27269490,235.26,239.9,233.56
MSFT,1/11/23,235.77,28669330,231.29,235.95,231.11
MSFT,1/10/23,228.85,27033880,227.76,231.31,227.33
MSFT,1/9/23,227.12,27369780,226.45,231.24,226.41
MSFT,1/6/23,224.93,43613570,223,225.76,219.35
MSFT,1/5/23,222.31,39585620,227.2,227.55,221.76
MSFT,1/4/23,229.1,50623390,232.28,232.87,225.96
MSFT,1/3/23,239.58,25740040,243.08,245.75,237.4
MSFT,12/30/22,239.82,21938470,238.21,239.96,236.66
MSFT,12/29/22,241.01,19770690,235.65,241.92,235.65
MSFT,12/28/22,234.53,17457100,236.89,239.72,234.17
MSFT,12/27/22,236.96,16688650,238.7,238.93,235.83
MSFT,12/23/22,238.73,21206980,236.11,238.87,233.94
MSFT,12/22/22,238.19,28651660,241.26,241.99,233.87
MSFT,12/21/22,244.43,23690610,241.69,245.62,240.11
MSFT,12/20/22,241.8,25150800,239.4,242.91,238.42
MSFT,12/19/22,240.45,29696440,244.86,245.21,238.71
MSFT,12/16/22,244.69,86101990,248.55,249.84,243.51
MSFT,12/15/22,249.01,35568090,253.72,254.2,247.34
MSFT,12/14/22,257.22,35410930,257.13,262.59,254.31
MSFT,12/13/22,256.92,42196880,261.69,263.92,253.07
MSFT,12/12/22,252.51,30665070,247.45,252.54,247.17
MSFT,12/9/22,245.42,20609740,244.7,248.31,244.16
MSFT,12/8/22,247.4,22611760,244.84,248.74,243.06
MSFT,12/7/22,244.37,20481520,244.83,246.16,242.21
MSFT,12/6/22,245.12,22463730,250.82,251.86,243.78
MSFT,12/5/22,250.2,23435290,252.01,253.82,248.06
MSFT,12/2/22,255.02,21528520,249.82,256.06,249.69
MSFT,12/1/22,254.69,26041520,253.87,256.12,250.92
MSFT,11/30/22,255.14,47594240,240.57,255.33,239.86
MSFT,11/29/22,240.33,17956310,241.4,242.79,238.21
MSFT,11/28/22,241.76,24810270,246.08,246.65,240.8
MSFT,11/25/22,247.49,9200772,247.31,248.7,246.73
MSFT,11/23/22,247.58,19508460,245.11,248.28,244.27
MSFT,11/22/22,245.03,19665700,243.59,245.31,240.71
MSFT,11/21/22,242.05,26394700,241.43,244.67,241.19
MSFT,11/18/22,241.22,27613520,243.51,243.74,239.03
MSFT,11/17/22,241.68,23123540,237.78,243.25,237.63
MSFT,11/16/22,241.73,24093270,242.79,243.8,240.42
MSFT,11/15/22,241.97,31390120,245.66,247,240.03
MSFT,11/14/22,241.55,31123340,241.99,243.91,239.21
MSFT,11/11/22,247.11,34620250,242.99,247.99,241.93
MSFT,11/10/22,242.98,46268020,235.43,243.33,235
MSFT,11/9/22,224.51,27852910,227.37,228.63,224.33
MSFT,11/8/22,228.87,28192550,228.7,231.65,225.84
MSFT,11/7/22,227.87,33497980,221.99,228.41,221.28
MSFT,11/4/22,221.39,36789060,217.55,221.59,213.43
MSFT,11/3/22,214.25,36633920,220.09,220.41,213.98
MSFT,11/2/22,220.1,38407010,229.46,231.3,220.04
MSFT,11/1/22,228.17,30592270,234.6,235.74,227.33
MSFT,10/31/22,232.13,28357270,233.76,234.92,231.15
MSFT,10/28/22,235.87,40647720,226.24,236.6,226.05
MSFT,10/27/22,226.75,40424650,231.04,233.69,225.78
MSFT,10/26/22,231.32,82684850,231.17,238.3,230.06
MSFT,10/25/22,250.66,34775510,247.26,251.04,245.83
MSFT,10/24/22,247.25,24911210,243.76,247.84,241.3
MSFT,10/21/22,242.12,26299730,234.74,243,234.5
MSFT,10/20/22,236.15,21811020,235.77,241.31,234.87
MSFT,10/19/22,236.48,19985700,237.04,239.61,234.29
MSFT,10/18/22,238.5,26329590,243.24,243.93,235.37
MSFT,10/17/22,237.53,28142270,235.82,238.96,235.14
MSFT,10/14/22,228.56,30198590,235.54,237.24,228.34
MSFT,10/13/22,234.24,42551820,219.85,236.1,219.13
MSFT,10/12/22,225.75,21903940,225.4,227.86,223.96
MSFT,10/11/22,225.41,30473950,227.62,229.06,224.11
MSFT,10/10/22,229.25,29743610,233.05,234.56,226.73
MSFT,10/7/22,234.24,37769600,240.9,241.32,233.17
MSFT,10/6/22,246.79,20239890,247.93,250.34,246.08
MSFT,10/5/22,249.2,20347140,245.99,250.58,244.1
MSFT,10/4/22,248.88,34888420,245.09,250.36,244.98
MSFT,10/3/22,240.74,28880360,235.41,241.61,234.66
MSFT,9/30/22,232.9,35694830,238.29,240.54,232.73
MSFT,9/29/22,237.5,27484230,238.89,239.95,234.41
MSFT,9/28/22,241.07,29029680,236.81,242.33,234.73
MSFT,9/27/22,236.41,27018730,239.98,241.8,234.5
MSFT,9/26/22,237.45,27694190,237.05,241.45,236.9
MSFT,9/23/22,237.92,34176050,239.54,241.13,235.2
MSFT,9/22/22,240.98,31061160,237.87,243.86,237.57
MSFT,9/21/22,238.95,28625560,244.27,247.66,238.9
MSFT,9/20/22,242.45,26660300,242.07,243.51,239.64
MSFT,9/19/22,244.52,26826930,242.47,245.14,240.85
MSFT,9/16/22,244.74,39791770,244.26,245.3,242.06
MSFT,9/15/22,245.38,31530950,249.77,251.4,244.02
MSFT,9/14/22,252.22,23912950,253.53,254.23,249.86
MSFT,9/13/22,251.99,33353320,258.84,260.4,251.59
MSFT,9/12/22,266.65,18747690,265.78,267.45,265.16
MSFT,9/9/22,264.46,22093190,260.5,265.23,260.29
MSFT,9/8/22,258.52,20319910,257.51,260.43,254.79
MSFT,9/7/22,258.09,24126700,254.7,258.83,253.22
MSFT,9/6/22,253.25,21328240,256.2,257.83,251.94
MSFT,9/2/22,256.06,22855380,261.7,264.74,254.47
MSFT,9/1/22,260.4,23263430,258.87,260.89,255.41
MSFT,8/31/22,261.47,24791830,265.39,267.11,261.33
MSFT,8/30/22,262.97,22767070,266.67,267.05,260.66
MSFT,8/29/22,265.23,20338540,265.85,267.4,263.85
MSFT,8/26/22,268.09,27549310,279.08,280.34,267.98
MSFT,8/25/22,278.85,16583410,277.33,279.02,274.52
MSFT,8/24/22,275.79,18137020,275.41,277.23,275.11
MSFT,8/23/22,276.44,17527410,276.44,278.86,275.4
MSFT,8/22/22,277.75,25061070,282.08,282.46,277.22
MSFT,8/19/22,286.15,20570030,288.9,289.25,285.56
MSFT,8/18/22,290.17,17186190,290.19,291.91,289.08
MSFT,8/17/22,291.32,18253360,289.74,293.35,289.47
MSFT,8/16/22,292.71,18102880,291.99,294.04,290.42
MSFT,8/15/22,293.47,18085650,291,294.18,290.11
MSFT,8/12/22,291.91,22619680,288.48,291.91,286.94
MSFT,8/11/22,287.02,20065940,290.85,291.21,286.51
MSFT,8/10/22,289.16,24687850,288.17,289.81,286.94
MSFT,8/9/22,282.3,23405240,279.64,283.08,277.61
MSFT,8/8/22,280.32,18757820,284.05,285.92,279.32
MSFT,8/5/22,282.91,16774610,279.15,283.65,278.68
MSFT,8/4/22,283.65,18098670,281.8,283.8,280.17
MSFT,8/3/22,282.47,23518870,276.76,283.5,276.61
MSFT,8/2/22,274.82,22754180,276,277.89,272.38
MSFT,8/1/22,278.01,21539580,277.82,281.28,275.84
MSFT,7/29/22,280.74,32152750,277.7,282,276.63
MSFT,7/28/22,276.41,33459330,269.75,277.84,267.87
MSFT,7/27/22,268.74,45994050,261.16,270.05,258.85
MSFT,7/26/22,251.9,39347960,259.86,259.88,249.57
MSFT,7/25/22,258.83,21056000,261,261.5,256.81
MSFT,7/22/22,260.36,21881290,265.24,265.33,259.07
MSFT,7/21/22,264.84,22404680,259.79,264.89,257.03
MSFT,7/20/22,262.27,22788280,259.9,264.87,258.91
MSFT,7/19/22,259.53,25012560,257.58,259.72,253.68
MSFT,7/18/22,254.25,20975030,259.75,260.84,253.3
MSFT,7/15/22,256.72,29774050,255.72,260.37,254.77
MSFT,7/14/22,254.08,25102820,250.57,255.14,245.94
MSFT,7/13/22,252.72,29497420,250.19,253.55,248.11
MSFT,7/12/22,253.67,35868450,265.88,265.94,252.04
MSFT,7/11/22,264.51,19519110,265.65,266.53,262.18
MSFT,7/8/22,267.66,19658750,264.79,268.1,263.29
MSFT,7/7/22,268.4,20859870,265.12,269.06,265.02
MSFT,7/6/22,266.21,23824420,263.75,267.99,262.4
MSFT,7/5/22,262.85,22971630,256.16,262.98,254.74
MSFT,7/1/22,259.58,22837690,256.39,259.77,254.61
MSFT,6/30/22,256.83,31730870,257.05,259.53,252.9
MSFT,6/29/22,260.26,20069840,257.59,261.97,255.76
MSFT,6/28/22,256.48,27380250,263.98,266.91,256.32
MSFT,6/27/22,264.89,24615110,268.21,268.3,263.28
MSFT,6/24/22,267.7,33923230,261.81,267.98,261.72
MSFT,6/23/22,258.86,25861450,255.57,259.37,253.63
MSFT,6/22/22,253.13,25961220,251.89,257.17,250.37
MSFT,6/21/22,253.74,29928300,250.26,254.75,249.51
MSFT,6/17/22,247.65,43084780,244.7,250.5,244.03
MSFT,6/16/22,244.97,33169160,245.98,247.42,243.02
MSFT,6/15/22,251.76,33111730,248.31,255.3,246.42
MSFT,6/14/22,244.49,28651490,243.86,245.74,241.51
MSFT,6/13/22,242.26,46135790,245.11,249.02,241.53
MSFT,6/10/22,252.99,31445840,260.58,260.58,252.53
MSFT,6/9/22,264.79,26439730,267.78,272.71,264.63
MSFT,6/8/22,270.41,17372340,271.71,273,269.61
MSFT,6/7/22,272.5,22860680,266.64,273.13,265.94
MSFT,6/6/22,268.75,22400340,272.06,274.18,267.22
MSFT,6/3/22,270.02,28058960,270.31,273.45,268.41
MSFT,6/2/22,274.58,44008210,264.45,274.65,261.6
MSFT,6/1/22,272.42,25292170,275.2,277.69,270.04
MSFT,5/31/22,271.87,37827700,272.53,274.77,268.93
MSFT,5/27/22,273.24,26910810,268.48,273.34,267.56
MSFT,5/26/22,265.9,25002110,262.27,267.11,261.43
MSFT,5/25/22,262.52,28547950,258.14,264.58,257.13
MSFT,5/24/22,259.62,29043900,257.89,261.33,253.5
MSFT,5/23/22,260.65,33175380,255.49,261.5,253.43
MSFT,5/20/22,252.56,39199280,257.24,258.54,246.44
MSFT,5/19/22,253.14,32692290,253.9,257.67,251.88
MSFT,5/18/22,254.08,31355990,263,263.6,252.77
MSFT,5/17/22,266.82,28828800,266.11,268.33,262.46
MSFT,5/16/22,261.5,32550930,259.96,265.82,255.78
MSFT,5/13/22,261.12,34925090,257.35,263.04,255.35
MSFT,5/12/22,255.35,51033800,257.69,259.88,250.02
MSFT,5/11/22,260.55,48975900,265.68,271.36,259.3
MSFT,5/10/22,269.5,39336420,271.69,273.75,265.07
MSFT,5/9/22,264.58,47725950,270.06,272.36,263.32
MSFT,5/6/22,274.73,37780320,274.81,279.25,271.27
MSFT,5/5/22,277.35,43260390,285.54,286.35,274.34
MSFT,5/4/22,289.98,33599320,282.59,290.88,276.73
MSFT,5/3/22,281.78,25978610,283.96,284.13,280.15
MSFT,5/2/22,284.47,35151110,277.71,284.94,276.22
MSFT,4/29/22,277.52,37073920,288.61,289.88,276.5
MSFT,4/28/22,289.63,33646570,285.19,290.98,281.46
MSFT,4/27/22,283.22,63477690,282.1,290.97,279.16
MSFT,4/26/22,270.22,46518450,277.5,278.36,270
MSFT,4/25/22,280.72,35678850,273.29,281.11,270.77
MSFT,4/22/22,274.03,29405800,281.68,283.2,273.38
MSFT,4/21/22,280.81,29454590,288.58,293.3,280.06
MSFT,4/20/22,286.36,22906670,289.4,289.7,285.37
MSFT,4/19/22,285.3,22297720,279.38,286.17,278.41
MSFT,4/18/22,280.52,20778000,278.91,282.46,278.34
MSFT,4/14/22,279.83,28221610,288.09,288.31,279.32
MSFT,4/13/22,287.62,21907180,282.73,288.58,281.3
MSFT,4/12/22,282.06,30966720,289.24,290.74,280.49
MSFT,4/11/22,285.26,34569260,291.79,292.61,285
MSFT,4/8/22,296.97,24361920,300.44,301.12,296.28
MSFT,4/7/22,301.37,31411160,296.66,303.65,296.35
MSFT,4/6/22,299.5,40110370,305.19,307,296.71
MSFT,4/5/22,310.88,23156720,313.27,314.87,309.87
MSFT,4/4/22,314.97,24335870,310.09,315.11,309.71
MSFT,4/1/22,309.42,27110530,309.37,310.13,305.54
MSFT,3/31/22,308.31,33422070,313.9,315.14,307.89
MSFT,3/30/22,313.86,28163560,313.76,315.95,311.58
MSFT,3/29/22,315.41,30393400,313.91,315.82,309.05
MSFT,3/28/22,310.7,29578190,304.33,310.8,304.33
MSFT,3/25/22,303.68,22566450,305.23,305.5,299.29
MSFT,3/24/22,304.1,24484460,299.14,304.2,298.32
MSFT,3/23/22,299.49,25715380,300.51,303.23,297.72
MSFT,3/22/22,304.06,27599690,299.8,305,298.77
MSFT,3/21/22,299.16,28351250,298.89,300.14,294.9
MSFT,3/18/22,300.43,43390630,295.37,301,292.73
MSFT,3/17/22,295.22,30816630,293.29,295.61,289.37
MSFT,3/16/22,294.39,37826330,289.11,294.57,283.2
MSFT,3/15/22,287.15,34245090,280.35,287.82,278.73
MSFT,3/14/22,276.44,30660750,280.34,285.4,275.82
MSFT,3/11/22,280.07,27209330,287.96,289.51,279.43
MSFT,3/10/22,285.59,30628010,283.02,286.6,280.58
MSFT,3/9/22,288.5,35204480,283.44,289.6,280.78
MSFT,3/8/22,275.85,48159480,277.8,283.96,270
MSFT,3/7/22,278.91,43157180,288.53,289.69,278.53
MSFT,3/4/22,289.86,32369660,294.29,295.66,287.17
MSFT,3/3/22,295.92,27314470,302.89,303.13,294.05
MSFT,3/2/22,300.19,31873010,295.36,301.47,293.7
MSFT,3/1/22,294.95,31217780,296.4,299.97,292.15
MSFT,2/28/22,298.79,34627460,294.31,299.14,293
MSFT,2/25/22,297.31,32546720,295.14,297.63,291.66
MSFT,2/24/22,294.59,56989690,272.51,295.16,271.52
MSFT,2/23/22,280.27,37811170,290.18,291.7,280.1
MSFT,2/22/22,287.72,41736120,285,291.54,284.5
MSFT,2/18/22,287.93,34264010,293.05,293.86,286.31
MSFT,2/17/22,290.73,32461580,296.36,296.8,290
MSFT,2/16/22,299.5,29982120,298.37,300.87,293.68
MSFT,2/15/22,300.47,27379490,300.01,300.8,297.02
MSFT,2/14/22,295,36359490,293.77,296.76,291.35
MSFT,2/11/22,295.04,39175620,303.19,304.29,294.22
MSFT,2/10/22,302.38,45386200,304.04,309.12,300.7
MSFT,2/9/22,311.21,31284670,309.87,311.93,307.39
MSFT,2/8/22,304.56,32421190,301.25,305.56,299.95
MSFT,2/7/22,300.95,28533290,306.17,307.84,299.9
MSFT,2/4/22,305.94,35096490,300.21,308.8,299.97
MSFT,2/3/22,301.25,43729970,309.49,311.23,299.96
MSFT,2/2/22,313.46,36635990,309.63,315.12,308.88
MSFT,2/1/22,308.76,40950400,310.41,310.63,305.13
MSFT,1/31/22,310.98,46444540,308.95,312.38,306.37
MSFT,1/28/22,308.26,49743700,300.23,308.48,294.45
MSFT,1/27/22,299.84,53481320,302.66,307.3,297.93
MSFT,1/26/22,296.71,90428850,307.99,308.5,293.03
MSFT,1/25/22,288.49,72848640,291.52,294.99,285.17
MSFT,1/24/22,296.37,86035390,292.2,297.11,276.05
MSFT,1/21/22,296.03,57984400,302.69,304.11,295.61
MSFT,1/20/22,301.6,35380680,309.07,311.65,301.14
MSFT,1/19/22,303.33,45933860,306.29,313.91,302.7
MSFT,1/18/22,302.65,42434110,304.07,309.8,301.74
MSFT,1/14/22,310.2,39846410,304.25,310.82,303.75
MSFT,1/13/22,304.8,45365980,320.47,320.88,304
MSFT,1/12/22,318.27,34372220,319.67,323.41,317.08
MSFT,1/11/22,314.98,29386770,313.38,316.61,309.89
MSFT,1/10/22,314.27,44289470,309.49,314.72,304.69
MSFT,1/7/22,314.04,32720020,314.15,316.5,310.09
MSFT,1/6/22,313.88,39646150,313.15,318.7,311.49
MSFT,1/5/22,316.38,40054330,325.86,326.07,315.98
MSFT,1/4/22,329.01,32674310,334.83,335.2,326.12
MSFT,1/3/22,334.75,28918010,335.35,338,329.78
MSFT,12/31/21,336.32,18000800,338.51,339.36,335.85
MSFT,12/30/21,339.32,15994470,341.91,343.13,338.82
MSFT,12/29/21,341.95,15041960,341.3,344.3,339.68
MSFT,12/28/21,341.25,15661470,343.15,343.81,340.32
MSFT,12/27/21,342.45,19947030,335.46,342.48,335.43
MSFT,12/23/21,334.69,19617850,332.75,336.39,332.73
MSFT,12/22/21,333.2,24831490,328.3,333.61,325.75
MSFT,12/21/21,327.29,24740600,323.29,327.73,319.8
MSFT,12/20/21,319.91,28326530,320.05,322.8,317.57
MSFT,12/17/21,323.8,47983710,320.88,324.92,317.25
MSFT,12/16/21,324.9,35034830,335.71,336.76,323.02
MSFT,12/15/21,334.65,35381120,328.61,335.19,324.5
MSFT,12/14/21,328.34,44438700,333.22,334.64,324.11
MSFT,12/13/21,339.4,28899430,340.68,343.79,339.08
MSFT,12/10/21,342.54,38095690,334.98,343,334.79
MSFT,12/9/21,333.1,22214160,334.41,336.49,332.12
MSFT,12/8/21,334.97,24760990,335.31,335.5,330.8
MSFT,12/7/21,334.92,31021940,331.64,335.8,330.1
MSFT,12/6/21,326.19,30032560,323.95,327.45,319.23
MSFT,12/3/21,323.01,41779280,331.99,332.7,318.03
MSFT,12/2/21,329.49,30765980,330.3,333.49,327.8
MSFT,12/1/21,330.08,33401150,335.13,339.28,329.39
MSFT,11/30/21,330.59,42885610,335.32,337.78,328.99
MSFT,11/29/21,336.63,28563480,334.94,339.03,334.74
MSFT,11/26/21,329.68,24217240,334.35,337.93,328.12
MSFT,11/24/21,337.91,21661310,336.28,338.16,333.91
MSFT,11/23/21,337.68,30427560,337.05,339.45,333.56
MSFT,11/22/21,339.83,31031110,344.62,349.67,339.55
MSFT,11/19/21,343.11,21963400,342.64,345.1,342.2
MSFT,11/18/21,341.27,22463530,338.18,342.45,337.12
MSFT,11/17/21,339.12,19053380,338.94,342.19,338
MSFT,11/16/21,339.51,20886830,335.68,340.67,335.51
MSFT,11/15/21,336.07,16723010,337.54,337.88,334.03
MSFT,11/12/21,336.72,23831050,333.92,337.23,333.79
MSFT,11/11/21,332.43,16849840,331.25,333.77,330.51
MSFT,11/10/21,330.8,25500940,334.57,334.63,329.92
MSFT,11/9/21,335.95,21307370,337.11,338.72,334.53
MSFT,11/8/21,336.99,20897000,337.3,337.65,334.44
MSFT,11/5/21,336.06,22570100,338.51,338.79,334.42
MSFT,11/4/21,336.44,23992200,332.89,336.54,329.51
MSFT,11/3/21,334,21500080,333.9,334.9,330.65
MSFT,11/2/21,333.13,26487110,330.31,333.45,330
MSFT,11/1/21,329.37,27073180,331.36,331.49,326.37
MSFT,10/29/21,331.62,34765980,324.13,332,323.9
MSFT,10/28/21,324.35,26297940,324.33,324.87,321.36
MSFT,10/27/21,323.17,52588690,316,326.1,316
MSFT,10/26/21,310.11,28107350,311,312.4,308.6
MSFT,10/25/21,308.13,17554470,309.36,309.4,306.46
MSFT,10/22/21,309.16,17449330,310.4,311.09,307.8
MSFT,10/21/21,310.76,16918100,307.17,311.02,306.36
MSFT,10/20/21,307.41,16537070,309.21,309.7,306.11
MSFT,10/19/21,308.23,17682140,308.35,309.3,307.22
MSFT,10/18/21,307.29,22729300,303.57,308.21,302.69
MSFT,10/15/21,304.21,25384800,302.34,304.45,300.52
MSFT,10/14/21,302.75,27262900,299.21,303.27,297.83
MSFT,10/13/21,296.31,23424030,294.91,297.28,293.49
MSFT,10/12/21,292.88,17974140,295.34,295.44,292.35
MSFT,10/11/21,294.23,19298630,292.92,297.97,292.75
MSFT,10/8/21,294.85,17685700,296.22,296.64,293.76
MSFT,10/7/21,294.85,20430470,295.18,296.64,293.92
MSFT,10/6/21,293.11,28002560,285.78,293.63,285.51
MSFT,10/5/21,288.76,24993020,284.05,290.4,284.05
MSFT,10/4/21,283.11,31350750,287.4,287.75,280.25
MSFT,10/1/21,289.1,30086280,282.12,289.98,281.29
MSFT,9/30/21,281.92,32343640,285.71,287.83,281.62
MSFT,9/29/21,284,26353700,285.1,286.77,283.01
MSFT,9/28/21,283.52,43186240,289.8,290.78,282.75
MSFT,9/27/21,294.17,23571740,296.14,296.47,292.94
MSFT,9/24/21,299.35,14998980,298.23,299.8,296.93
MSFT,9/23/21,299.56,18604600,298.85,300.9,297.53
MSFT,9/22/21,298.58,26626340,296.73,300.22,294.51
MSFT,9/21/21,294.8,22364100,295.69,297.54,294.07
MSFT,9/20/21,294.3,38278660,296.33,298.72,289.52
MSFT,9/17/21,299.87,41372460,304.17,304.5,299.53
MSFT,9/16/21,305.22,19550820,303.76,305.31,300.76
MSFT,9/15/21,304.82,28356300,303.26,305.32,301.82
MSFT,9/14/21,299.79,21853430,299.56,301.39,298.1
MSFT,9/13/21,296.99,23652950,297.55,298.54,294.08
MSFT,9/10/21,295.71,19633360,298.42,299.92,295.38
MSFT,9/9/21,297.25,19927000,300.82,302.14,297
MSFT,9/8/21,300.21,15046820,299.78,300.61,297.47
MSFT,9/7/21,300.18,17184080,301.01,301.09,298.2
MSFT,9/3/21,301.14,14751610,300.99,302.6,300.26
MSFT,9/2/21,301.15,16290550,302.2,303.36,300.18
MSFT,9/1/21,301.83,18983830,302.87,305.19,301.49
MSFT,8/31/21,301.88,26285340,304.42,304.5,301.5
MSFT,8/30/21,303.59,16348070,301.12,304.22,301.06
MSFT,8/27/21,299.72,22605730,298.99,300.87,296.83
MSFT,8/26/21,299.09,17666080,300.99,302.43,298.95
MSFT,8/25/21,302.01,20006060,304.3,304.59,300.42
MSFT,8/24/21,302.62,18175770,305.02,305.65,302
MSFT,8/23/21,304.65,22830160,303.25,305.4,301.85
MSFT,8/20/21,304.36,40817650,299.72,305.84,298.06
MSFT,8/19/21,296.77,29850460,288.69,297.47,288.64
MSFT,8/18/21,290.73,21812990,292.04,294.82,290.27
MSFT,8/17/21,293.08,20075250,292.39,293.43,291.08
MSFT,8/16/21,294.6,22516030,293.19,294.82,290.02
MSFT,8/13/21,292.85,18249050,289.48,292.9,289.3
MSFT,8/12/21,289.81,14570390,286.63,289.97,286.34
MSFT,8/11/21,286.95,13955930,287.21,288.66,285.86
MSFT,8/10/21,286.44,18616580,288.8,289.25,285.2
MSFT,8/9/21,288.33,16117630,289.75,291.55,287.81
MSFT,8/6/21,289.46,16589340,288.51,289.5,287.62
MSFT,8/5/21,289.52,13900170,286.88,289.63,286.1
MSFT,8/4/21,286.51,16191300,286.22,287.59,284.65
MSFT,8/3/21,287.12,17879050,285.42,287.23,284
MSFT,8/2/21,284.82,16267360,286.36,286.78,283.74
MSFT,7/30/21,284.91,20944850,285.17,286.66,283.91
MSFT,7/29/21,286.5,18168290,286.24,288.62,286.08
MSFT,7/28/21,286.22,33566850,288.99,290.15,283.83
MSFT,7/27/21,286.54,33604070,289.43,289.58,282.95
MSFT,7/26/21,289.05,23176070,289,289.69,286.64
MSFT,7/23/21,289.67,22768070,287.37,289.99,286.5
MSFT,7/22/21,286.14,23384060,283.84,286.42,283.42
MSFT,7/21/21,281.4,24364320,278.91,281.52,277.29
MSFT,7/20/21,279.32,26259740,278.03,280.97,276.26
MSFT,7/19/21,277.01,32935630,278.93,280.37,274.45
MSFT,7/16/21,280.75,26186850,282.07,284.1,279.46
MSFT,7/15/21,281.03,22604230,282,282.51,279.83
MSFT,7/14/21,282.51,23113660,282.35,283.66,280.55
MSFT,7/13/21,280.98,26120130,277.52,282.85,277.39
MSFT,7/12/21,277.32,18931700,279.16,279.77,276.58
MSFT,7/9/21,277.94,23916670,275.72,278.05,275.32
MSFT,7/8/21,277.42,24618590,276.9,278.73,274.87
MSFT,7/7/21,279.93,23260030,279.4,280.69,277.15
MSFT,7/6/21,277.66,31565560,278.03,279.37,274.3
MSFT,7/2/21,277.65,26474410,272.82,278,272.5
MSFT,7/1/21,271.6,16725320,269.61,271.84,269.6
MSFT,6/30/21,270.9,21656460,270.69,271.36,269.6
MSFT,6/29/21,271.4,19937810,268.87,271.65,267.98
MSFT,6/28/21,268.72,19590020,266.19,268.9,265.91
MSFT,6/25/21,265.02,25611110,266.23,267.25,264.76
MSFT,6/24/21,266.69,21446870,266.16,267.85,265.47
MSFT,6/23/21,265.28,19518680,265.99,266.83,264.43
MSFT,6/22/21,265.51,24694090,262.72,265.79,262.4
MSFT,6/21/21,262.63,26696120,259.82,263.52,257.92
MSFT,6/18/21,259.43,37202220,259.63,262.3,258.75
MSFT,6/17/21,260.9,27565540,256.07,261.75,256.01
MSFT,6/16/21,257.38,27219960,259.4,260.58,254.42
MSFT,6/15/21,258.36,18038930,259.78,259.99,257.68
MSFT,6/14/21,259.89,19150510,257.9,259.95,256.8
MSFT,6/11/21,257.89,18999730,257.99,258.49,256.61
MSFT,6/10/21,257.24,24563620,254.29,257.46,253.67
MSFT,6/9/21,253.59,17937630,253.81,255.53,253.21
MSFT,6/8/21,252.57,22455000,255.16,256.01,252.51
MSFT,6/7/21,253.81,23079170,249.98,254.09,249.81
MSFT,6/4/21,250.79,25281090,247.76,251.65,247.51
MSFT,6/3/21,245.71,25307710,245.22,246.34,243
MSFT,6/2/21,247.3,19406710,248.13,249.27,245.84
MSFT,6/1/21,247.4,23213310,251.23,251.29,246.96
MSFT,5/28/21,249.68,18274940,251,252.08,249.56
MSFT,5/27/21,249.31,24426240,251.17,251.48,249.25
MSFT,5/26/21,251.49,17771600,251.43,252.94,250.75
MSFT,5/25/21,251.72,17704300,251.77,252.75,250.82
MSFT,5/24/21,250.78,21411550,247.79,251.16,247.51
MSFT,5/21/21,245.17,21863060,247.57,248.33,244.74
MSFT,5/20/21,246.48,21800720,243.96,247.95,243.86
MSFT,5/19/21,243.12,25739810,239.31,243.23,238.6
MSFT,5/18/21,243.08,20167980,246.27,246.41,242.9
MSFT,5/17/21,245.18,24938180,246.55,246.59,243.52
MSFT,5/14/21,248.15,23901080,245.58,249.18,245.49
MSFT,5/13/21,243.03,29624300,241.8,245.6,241.42
MSFT,5/12/21,239,36684370,242.17,244.38,238.07
MSFT,5/11/21,246.23,33641590,244.55,246.6,242.57
MSFT,5/10/21,247.18,29299890,250.87,251.73,247.12
MSFT,5/7/21,252.46,27032910,252.15,254.3,251.17
MSFT,5/6/21,249.73,26491090,246.45,249.86,244.69
MSFT,5/5/21,246.47,21901330,249.06,249.5,245.82
MSFT,5/4/21,247.79,32756050,250.97,251.21,245.76
MSFT,5/3/21,251.86,19626570,253.4,254.35,251.12
MSFT,4/30/21,252.18,30945100,249.74,253.08,249.6
MSFT,4/29/21,252.51,40589020,255.46,256.1,249
MSFT,4/28/21,254.56,46903120,256.08,256.54,252.95
MSFT,4/27/21,261.97,31014210,261.59,263.19,260.12
MSFT,4/26/21,261.55,19763350,261.66,262.44,260.17
MSFT,4/23/21,261.15,21499290,257.88,261.51,257.27
MSFT,4/22/21,257.17,25606150,260.21,261.78,255.64
MSFT,4/21/21,260.58,24030380,258.94,260.68,257.25
MSFT,4/20/21,258.26,19722880,257.82,260.2,256.84
MSFT,4/19/21,258.74,23209260,260.19,261.48,257.82
MSFT,4/16/21,260.74,24878580,259.47,261,257.6
MSFT,4/15/21,259.5,25627480,257.93,259.93,257.73
MSFT,4/14/21,255.59,23070940,257.48,258.83,255.16
MSFT,4/13/21,258.49,23837470,257.26,259.19,256.83
MSFT,4/12/21,255.91,27148670,254.71,257.67,254.62
MSFT,4/9/21,255.85,24326830,252.87,255.99,252.44
MSFT,4/8/21,253.25,23625200,252.77,254.14,252
MSFT,4/7/21,249.9,22719840,247.81,250.93,247.19
MSFT,4/6/21,247.86,22931920,247.61,249.4,246.88
MSFT,4/5/21,249.07,36910610,242.76,249.96,242.7
MSFT,4/1/21,242.35,30337980,238.47,242.84,238.05
MSFT,3/31/21,235.77,43623470,232.91,239.1,232.39
MSFT,3/30/21,231.85,24792010,233.53,233.85,231.1
MSFT,3/29/21,235.24,25227460,236.59,236.8,231.88
MSFT,3/26/21,236.48,25479850,231.55,236.71,231.55
MSFT,3/25/21,232.34,34061850,235.3,236.94,231.57
MSFT,3/24/21,235.46,25620130,237.85,238,235.32
MSFT,3/23/21,237.58,31638380,237.49,241.05,237.07
MSFT,3/22/21,235.99,30127010,230.27,236.9,230.14
MSFT,3/19/21,230.35,46430730,231.02,232.47,229.35
MSFT,3/18/21,230.72,34852250,232.56,234.19,230.33
MSFT,3/17/21,237.04,29562100,236.15,238.55,233.23
MSFT,3/16/21,237.71,28092200,236.28,240.06,235.94
MSFT,3/15/21,234.81,26042670,234.96,235.19,231.81
MSFT,3/12/21,235.75,22653660,234.01,235.82,233.23
MSFT,3/11/21,237.13,29907590,234.96,239.17,234.31
MSFT,3/10/21,232.42,29746810,237,237,232.04
MSFT,3/9/21,233.78,33080530,232.88,235.38,231.67
MSFT,3/8/21,227.39,35267440,231.37,233.37,227.13
MSFT,3/5/21,231.6,41872770,229.52,233.27,226.46
MSFT,3/4/21,226.73,44727790,226.74,232.49,224.26
MSFT,3/3/21,227.56,34029530,232.16,233.58,227.26
MSFT,3/2/21,233.87,22812460,237.01,237.3,233.45
MSFT,3/1/21,236.94,25332840,235.9,237.47,233.15
MSFT,2/26/21,232.38,37819230,231.53,235.37,229.54
MSFT,2/25/21,228.99,39542240,232.08,234.59,227.88
MSFT,2/24/21,234.55,26339750,230.01,235.2,229
MSFT,2/23/21,233.27,30228700,230.33,234.83,228.73
MSFT,2/22/21,234.51,36446940,237.42,237.93,232.4
MSFT,2/19/21,240.97,25262600,243.75,243.86,240.18
MSFT,2/18/21,243.79,16925560,241.8,243.93,240.86
MSFT,2/17/21,244.2,21673110,241.32,244.31,240.94
MSFT,2/16/21,243.7,26728490,245.03,246.13,242.92
MSFT,2/12/21,244.99,16561080,243.93,245.3,242.73
MSFT,2/11/21,244.49,15751060,244.78,245.15,242.15
MSFT,2/10/21,242.82,22186710,245,245.92,240.89
MSFT,2/9/21,243.77,23564950,241.87,244.76,241.38
MSFT,2/8/21,242.47,22211930,243.15,243.68,240.81
MSFT,2/5/21,242.2,18054750,242.23,243.28,240.42
MSFT,2/4/21,242.01,25296100,242.66,243.24,240.37
MSFT,2/3/21,243,27158100,239.57,245.09,239.26
MSFT,2/2/21,239.51,25916340,241.3,242.31,238.69
MSFT,2/1/21,239.65,33314190,235.06,242.5,232.43
MSFT,1/29/21,231.96,42503140,235.99,238.02,231.35
MSFT,1/28/21,238.93,49111160,235.61,242.64,235.09
MSFT,1/27/21,232.9,69870640,238,240.44,230.14
MSFT,1/26/21,232.33,49169600,231.86,234.18,230.08
MSFT,1/25/21,229.53,33152100,229.12,229.78,224.22
MSFT,1/22/21,225.95,30172660,227.08,230.07,225.8
MSFT,1/21/21,224.97,30749550,224.7,226.3,222.42
MSFT,1/20/21,224.34,37777260,217.7,225.79,217.29
MSFT,1/19/21,216.44,30480860,213.75,216.98,212.63
MSFT,1/15/21,212.65,31746510,213.52,214.51,212.03
MSFT,1/14/21,213.02,29346740,215.91,217.46,212.74
MSFT,1/13/21,216.34,20087080,214.02,216.76,213.93
MSFT,1/12/21,214.93,23249340,216.5,217.1,213.32
MSFT,1/11/21,217.49,23047030,218.47,218.91,216.73
MSFT,1/8/21,219.62,22956210,218.68,220.58,217.03
MSFT,1/7/21,218.29,27694480,214.04,219.34,213.71
MSFT,1/6/21,212.25,35930650,212.17,216.49,211.94
MSFT,1/5/21,217.9,23822950,217.26,218.52,215.7
MSFT,1/4/21,217.69,37130140,222.53,223,214.81
MSFT,12/31/20,222.42,20942130,221.7,223,219.68
MSFT,12/30/20,221.68,20272340,225.23,225.63,221.47
MSFT,12/29/20,224.15,17403210,226.31,227.18,223.58
MSFT,12/28/20,224.96,17933500,224.45,226.03,223.02
MSFT,12/24/20,222.75,10550570,221.42,223.61,221.2
MSFT,12/23/20,221.02,18699640,223.11,223.56,220.8
MSFT,12/22/20,223.94,22643400,222.69,225.63,221.85
MSFT,12/21/20,222.59,37181890,217.55,224,217.28
MSFT,12/18/20,218.59,63354920,218.59,219.69,216.02
MSFT,12/17/20,219.42,32515780,219.87,220.89,217.92
MSFT,12/16/20,219.28,35023250,214.75,220.11,214.72
MSFT,12/15/20,214.13,27018110,215.17,215.42,212.24
MSFT,12/14/20,214.2,28798380,213.1,216.21,212.88
MSFT,12/11/20,213.26,30979440,210.05,213.32,209.11
MSFT,12/10/20,210.52,26467020,211.77,213.08,210.36
MSFT,12/9/20,211.8,32440600,215.16,215.23,211.21
MSFT,12/8/20,216.01,23284090,213.97,216.95,212.89
MSFT,12/7/20,214.29,24620000,214.37,215.54,212.99
MSFT,12/4/20,214.36,24666040,214.22,215.38,213.18
MSFT,12/3/20,214.24,25120920,214.61,216.38,213.65
MSFT,12/2/20,215.37,23724510,214.88,215.47,212.8
MSFT,12/1/20,216.21,30931320,214.51,217.32,213.35
MSFT,11/30/20,214.07,33064750,214.1,214.76,210.84
MSFT,11/27/20,215.23,14512210,214.85,216.27,214.04
MSFT,11/25/20,213.87,21012890,215.11,215.29,212.46
MSFT,11/24/20,213.86,33979730,209.59,214.25,208.86
MSFT,11/23/20,210.11,25683510,210.95,212.29,208.16